image path,class id
0/000000,0
0/000001,0
0/000002,0
0/000003,0
0/000004,0
0/000005,0
0/000006,0
0/000007,0
0/000008,0
0/000009,0
0/000010,0
0/000011,0
0/000012,0
0/000013,0
0/000014,0
0/000015,0
0/000016,0
0/000017,0
0/000018,0
0/000019,0
0/000020,0
0/000021,0
0/000022,0
0/000023,0
0/000024,0
0/000025,0
0/000026,0
0/000027,0
0/000028,0
0/000029,0
0/000030,0
0/000031,0
0/000032,0
0/000033,0
0/000034,0
0/000035,0
0/000036,0
0/000037,0
0/000038,0
0/000039,0
0/000040,0
0/000041,0
0/000042,0
0/000043,0
0/000044,0
0/000045,0
0/000046,0
0/000047,0
0/000048,0
0/000049,0
0/000050,0
0/000051,0
0/000052,0
0/000053,0
0/000054,0
0/000055,0
0/000056,0
0/000057,0
0/000058,0
0/000059,0
0/000060,0
0/000061,0
0/000062,0
0/000063,0
0/000064,0
0/000065,0
0/000066,0
0/000067,0
0/000068,0
0/000069,0
0/000070,0
0/000071,0
0/000072,0
1/000000,1
1/000001,1
1/000002,1
1/000003,1
1/000004,1
1/000005,1
1/000006,1
1/000007,1
1/000008,1
1/000009,1
1/000010,1
1/000011,1
1/000012,1
1/000013,1
1/000014,1
1/000015,1
1/000016,1
1/000017,1
1/000018,1
1/000019,1
1/000020,1
1/000021,1
1/000022,1
1/000023,1
1/000024,1
1/000025,1
1/000026,1
1/000027,1
1/000028,1
1/000029,1
1/000030,1
1/000031,1
1/000032,1
1/000033,1
1/000034,1
1/000035,1
1/000036,1
1/000037,1
1/000038,1
1/000039,1
1/000040,1
1/000041,1
1/000042,1
1/000043,1
1/000044,1
1/000045,1
1/000046,1
1/000047,1
1/000048,1
1/000049,1
1/000050,1
1/000051,1
1/000052,1
1/000053,1
1/000054,1
1/000055,1
1/000056,1
1/000057,1
1/000058,1
1/000059,1
1/000060,1
1/000061,1
1/000062,1
1/000063,1
1/000064,1
1/000065,1
1/000066,1
1/000067,1
1/000068,1
1/000069,1
1/000070,1
1/000071,1
1/000072,1
1/000073,1
1/000074,1
1/000075,1
1/000076,1
1/000077,1
1/000078,1
1/000079,1
1/000080,1
1/000081,1
1/000082,1
1/000083,1
1/000084,1
1/000085,1
1/000086,1
1/000087,1
1/000088,1
1/000089,1
1/000090,1
1/000091,1
1/000092,1
1/000093,1
1/000094,1
1/000095,1
1/000096,1
1/000097,1
1/000098,1
1/000099,1
1/000100,1
1/000101,1
1/000102,1
1/000103,1
1/000104,1
1/000105,1
1/000106,1
1/000107,1
1/000108,1
1/000109,1
1/000110,1
1/000111,1
1/000112,1
1/000113,1
1/000114,1
1/000115,1
1/000116,1
1/000117,1
1/000118,1
1/000119,1
1/000120,1
1/000121,1
1/000122,1
1/000123,1
1/000124,1
1/000125,1
1/000126,1
1/000127,1
1/000128,1
1/000129,1
1/000130,1
1/000131,1
1/000132,1
1/000133,1
1/000134,1
1/000135,1
1/000136,1
1/000137,1
1/000138,1
1/000139,1
1/000140,1
1/000141,1
1/000142,1
1/000143,1
1/000144,1
1/000145,1
1/000146,1
1/000147,1
1/000148,1
1/000149,1
1/000150,1
1/000151,1
1/000152,1
1/000153,1
1/000154,1
1/000155,1
1/000156,1
1/000157,1
1/000158,1
1/000159,1
1/000160,1
1/000161,1
1/000162,1
1/000163,1
1/000164,1
1/000165,1
1/000166,1
1/000167,1
1/000168,1
1/000169,1
1/000170,1
1/000171,1
1/000172,1
1/000173,1
1/000174,1
1/000175,1
1/000176,1
1/000177,1
1/000178,1
1/000179,1
1/000180,1
1/000181,1
1/000182,1
1/000183,1
1/000184,1
1/000185,1
1/000186,1
1/000187,1
1/000188,1
1/000189,1
1/000190,1
1/000191,1
1/000192,1
1/000193,1
1/000194,1
1/000195,1
1/000196,1
1/000197,1
1/000198,1
1/000199,1
1/000200,1
1/000201,1
1/000202,1
1/000203,1
1/000204,1
1/000205,1
1/000206,1
1/000207,1
1/000208,1
1/000209,1
1/000210,1
1/000211,1
1/000212,1
1/000213,1
1/000214,1
1/000215,1
1/000216,1
1/000217,1
1/000218,1
1/000219,1
1/000220,1
1/000221,1
1/000222,1
1/000223,1
1/000224,1
1/000225,1
1/000226,1
1/000227,1
1/000228,1
1/000229,1
1/000230,1
1/000231,1
1/000232,1
1/000233,1
1/000234,1
1/000235,1
1/000236,1
1/000237,1
1/000238,1
1/000239,1
1/000240,1
1/000241,1
1/000242,1
1/000243,1
1/000244,1
1/000245,1
1/000246,1
1/000247,1
1/000248,1
1/000249,1
1/000250,1
1/000251,1
1/000252,1
1/000253,1
1/000254,1
1/000255,1
1/000256,1
1/000257,1
1/000258,1
1/000259,1
1/000260,1
1/000261,1
1/000262,1
1/000263,1
1/000264,1
1/000265,1
1/000266,1
1/000267,1
1/000268,1
1/000269,1
1/000270,1
1/000271,1
1/000272,1
1/000273,1
1/000274,1
1/000275,1
1/000276,1
1/000277,1
1/000278,1
1/000279,1
1/000280,1
1/000281,1
1/000282,1
1/000283,1
1/000284,1
1/000285,1
1/000286,1
1/000287,1
1/000288,1
1/000289,1
1/000290,1
1/000291,1
1/000292,1
1/000293,1
1/000294,1
1/000295,1
1/000296,1
1/000297,1
1/000298,1
1/000299,1
1/000300,1
1/000301,1
1/000302,1
1/000303,1
1/000304,1
1/000305,1
1/000306,1
1/000307,1
1/000308,1
1/000309,1
1/000310,1
1/000311,1
1/000312,1
1/000313,1
1/000314,1
1/000315,1
1/000316,1
1/000317,1
1/000318,1
1/000319,1
1/000320,1
1/000321,1
1/000322,1
1/000323,1
1/000324,1
1/000325,1
1/000326,1
1/000327,1
1/000328,1
1/000329,1
1/000330,1
1/000331,1
1/000332,1
1/000333,1
1/000334,1
1/000335,1
1/000336,1
1/000337,1
1/000338,1
1/000339,1
1/000340,1
1/000341,1
1/000342,1
1/000343,1
1/000344,1
1/000345,1
1/000346,1
1/000347,1
1/000348,1
1/000349,1
1/000350,1
1/000351,1
1/000352,1
1/000353,1
1/000354,1
1/000355,1
1/000356,1
1/000357,1
1/000358,1
1/000359,1
1/000360,1
1/000361,1
1/000362,1
1/000363,1
1/000364,1
1/000365,1
1/000366,1
1/000367,1
1/000368,1
1/000369,1
1/000370,1
1/000371,1
1/000372,1
1/000373,1
1/000374,1
1/000375,1
1/000376,1
1/000377,1
1/000378,1
1/000379,1
1/000380,1
1/000381,1
1/000382,1
1/000383,1
1/000384,1
1/000385,1
1/000386,1
1/000387,1
1/000388,1
1/000389,1
1/000390,1
1/000391,1
1/000392,1
1/000393,1
1/000394,1
1/000395,1
1/000396,1
1/000397,1
1/000398,1
1/000399,1
1/000400,1
1/000401,1
1/000402,1
1/000403,1
1/000404,1
1/000405,1
1/000406,1
1/000407,1
1/000408,1
1/000409,1
1/000410,1
1/000411,1
1/000412,1
1/000413,1
1/000414,1
1/000415,1
1/000416,1
1/000417,1
1/000418,1
1/000419,1
1/000420,1
1/000421,1
1/000422,1
1/000423,1
1/000424,1
1/000425,1
1/000426,1
1/000427,1
1/000428,1
1/000429,1
1/000430,1
1/000431,1
1/000432,1
1/000433,1
1/000434,1
1/000435,1
1/000436,1
1/000437,1
1/000438,1
1/000439,1
1/000440,1
1/000441,1
1/000442,1
1/000443,1
1/000444,1
1/000445,1
1/000446,1
1/000447,1
1/000448,1
1/000449,1
1/000450,1
1/000451,1
1/000452,1
1/000453,1
1/000454,1
1/000455,1
1/000456,1
1/000457,1
1/000458,1
1/000459,1
1/000460,1
1/000461,1
1/000462,1
1/000463,1
1/000464,1
1/000465,1
1/000466,1
1/000467,1
1/000468,1
1/000469,1
1/000470,1
1/000471,1
1/000472,1
1/000473,1
1/000474,1
1/000475,1
1/000476,1
1/000477,1
1/000478,1
1/000479,1
1/000480,1
1/000481,1
1/000482,1
1/000483,1
1/000484,1
1/000485,1
1/000486,1
1/000487,1
1/000488,1
1/000489,1
1/000490,1
1/000491,1
1/000492,1
1/000493,1
1/000494,1
1/000495,1
1/000496,1
1/000497,1
1/000498,1
1/000499,1
1/000500,1
1/000501,1
1/000502,1
1/000503,1
1/000504,1
1/000505,1
1/000506,1
1/000507,1
1/000508,1
1/000509,1
1/000510,1
1/000511,1
1/000512,1
1/000513,1
1/000514,1
1/000515,1
1/000516,1
1/000517,1
1/000518,1
1/000519,1
1/000520,1
1/000521,1
1/000522,1
1/000523,1
1/000524,1
1/000525,1
1/000526,1
2/000000,2
2/000001,2
2/000002,2
2/000003,2
2/000004,2
2/000005,2
2/000006,2
2/000007,2
2/000008,2
2/000009,2
2/000010,2
2/000011,2
2/000012,2
2/000013,2
2/000014,2
2/000015,2
2/000016,2
2/000017,2
2/000018,2
2/000019,2
2/000020,2
2/000021,2
2/000022,2
2/000023,2
2/000024,2
2/000025,2
2/000026,2
2/000027,2
2/000028,2
2/000029,2
2/000030,2
2/000031,2
2/000032,2
2/000033,2
2/000034,2
2/000035,2
2/000036,2
2/000037,2
2/000038,2
2/000039,2
2/000040,2
2/000041,2
2/000042,2
2/000043,2
2/000044,2
2/000045,2
2/000046,2
2/000047,2
2/000048,2
2/000049,2
2/000050,2
2/000051,2
2/000052,2
2/000053,2
2/000054,2
2/000055,2
2/000056,2
2/000057,2
2/000058,2
2/000059,2
2/000060,2
2/000061,2
2/000062,2
2/000063,2
2/000064,2
2/000065,2
2/000066,2
2/000067,2
2/000068,2
2/000069,2
2/000070,2
2/000071,2
2/000072,2
2/000073,2
2/000074,2
2/000075,2
2/000076,2
2/000077,2
2/000078,2
2/000079,2
2/000080,2
2/000081,2
2/000082,2
2/000083,2
2/000084,2
2/000085,2
2/000086,2
2/000087,2
2/000088,2
2/000089,2
2/000090,2
2/000091,2
2/000092,2
2/000093,2
2/000094,2
2/000095,2
2/000096,2
2/000097,2
2/000098,2
2/000099,2
2/000100,2
2/000101,2
2/000102,2
2/000103,2
2/000104,2
2/000105,2
2/000106,2
2/000107,2
2/000108,2
2/000109,2
2/000110,2
2/000111,2
2/000112,2
2/000113,2
2/000114,2
2/000115,2
2/000116,2
2/000117,2
2/000118,2
2/000119,2
2/000120,2
2/000121,2
2/000122,2
2/000123,2
2/000124,2
2/000125,2
2/000126,2
2/000127,2
2/000128,2
2/000129,2
2/000130,2
2/000131,2
2/000132,2
2/000133,2
2/000134,2
2/000135,2
2/000136,2
2/000137,2
2/000138,2
2/000139,2
2/000140,2
2/000141,2
2/000142,2
2/000143,2
2/000144,2
2/000145,2
2/000146,2
2/000147,2
2/000148,2
2/000149,2
2/000150,2
2/000151,2
2/000152,2
2/000153,2
2/000154,2
2/000155,2
2/000156,2
2/000157,2
2/000158,2
2/000159,2
2/000160,2
2/000161,2
2/000162,2
2/000163,2
2/000164,2
2/000165,2
2/000166,2
2/000167,2
2/000168,2
2/000169,2
2/000170,2
2/000171,2
2/000172,2
2/000173,2
2/000174,2
2/000175,2
2/000176,2
2/000177,2
2/000178,2
2/000179,2
2/000180,2
2/000181,2
2/000182,2
2/000183,2
2/000184,2
2/000185,2
2/000186,2
2/000187,2
2/000188,2
2/000189,2
2/000190,2
2/000191,2
2/000192,2
2/000193,2
2/000194,2
2/000195,2
2/000196,2
2/000197,2
2/000198,2
2/000199,2
2/000200,2
2/000201,2
2/000202,2
2/000203,2
2/000204,2
2/000205,2
2/000206,2
2/000207,2
2/000208,2
2/000209,2
2/000210,2
2/000211,2
2/000212,2
2/000213,2
2/000214,2
2/000215,2
2/000216,2
2/000217,2
2/000218,2
3/000000,3
3/000001,3
3/000002,3
3/000003,3
3/000004,3
3/000005,3
3/000006,3
3/000007,3
3/000008,3
3/000009,3
3/000010,3
3/000011,3
3/000012,3
3/000013,3
3/000014,3
3/000015,3
3/000016,3
3/000017,3
3/000018,3
3/000019,3
3/000020,3
3/000021,3
3/000022,3
3/000023,3
3/000024,3
3/000025,3
3/000026,3
3/000027,3
3/000028,3
3/000029,3
3/000030,3
3/000031,3
3/000032,3
3/000033,3
3/000034,3
3/000035,3
3/000036,3
3/000037,3
3/000038,3
3/000039,3
3/000040,3
3/000041,3
3/000042,3
3/000043,3
3/000044,3
3/000045,3
3/000046,3
3/000047,3
3/000048,3
3/000049,3
3/000050,3
3/000051,3
3/000052,3
3/000053,3
3/000054,3
3/000055,3
3/000056,3
3/000057,3
3/000058,3
3/000059,3
3/000060,3
3/000061,3
3/000062,3
3/000063,3
3/000064,3
3/000065,3
3/000066,3
3/000067,3
3/000068,3
3/000069,3
3/000070,3
3/000071,3
3/000072,3
3/000073,3
3/000074,3
3/000075,3
4/000000,4
4/000001,4
4/000002,4
4/000003,4
4/000004,4
4/000005,4
4/000006,4
4/000007,4
4/000008,4
4/000009,4
4/000010,4
4/000011,4
4/000012,4
4/000013,4
4/000014,4
4/000015,4
4/000016,4
4/000017,4
4/000018,4
4/000019,4
4/000020,4
4/000021,4
4/000022,4
4/000023,4
4/000024,4
4/000025,4
4/000026,4
4/000027,4
4/000028,4
4/000029,4
4/000030,4
4/000031,4
4/000032,4
4/000033,4
4/000034,4
4/000035,4
4/000036,4
4/000037,4
4/000038,4
4/000039,4
4/000040,4
4/000041,4
4/000042,4
4/000043,4
4/000044,4
4/000045,4
4/000046,4
4/000047,4
4/000048,4
4/000049,4
4/000050,4
4/000051,4
4/000052,4
4/000053,4
4/000054,4
4/000055,4
4/000056,4
4/000057,4
4/000058,4
4/000059,4
4/000060,4
4/000061,4
4/000062,4
4/000063,4
4/000064,4
4/000065,4
4/000066,4
4/000067,4
4/000068,4
4/000069,4
4/000070,4
4/000071,4
4/000072,4
4/000073,4
4/000074,4
4/000075,4
4/000076,4
4/000077,4
4/000078,4
4/000079,4
4/000080,4
4/000081,4
4/000082,4
4/000083,4
4/000084,4
4/000085,4
4/000086,4
4/000087,4
4/000088,4
4/000089,4
4/000090,4
4/000091,4
4/000092,4
4/000093,4
4/000094,4
4/000095,4
4/000096,4
4/000097,4
4/000098,4
4/000099,4
4/000100,4
4/000101,4
4/000102,4
4/000103,4
4/000104,4
4/000105,4
4/000106,4
4/000107,4
4/000108,4
4/000109,4
4/000110,4
4/000111,4
4/000112,4
4/000113,4
4/000114,4
4/000115,4
4/000116,4
4/000117,4
4/000118,4
4/000119,4
4/000120,4
4/000121,4
4/000122,4
4/000123,4
4/000124,4
4/000125,4
4/000126,4
4/000127,4
4/000128,4
4/000129,4
4/000130,4
4/000131,4
4/000132,4
4/000133,4
4/000134,4
4/000135,4
4/000136,4
4/000137,4
4/000138,4
4/000139,4
4/000140,4
4/000141,4
4/000142,4
4/000143,4
4/000144,4
4/000145,4
4/000146,4
4/000147,4
4/000148,4
4/000149,4
4/000150,4
4/000151,4
4/000152,4
4/000153,4
4/000154,4
4/000155,4
4/000156,4
4/000157,4
4/000158,4
4/000159,4
4/000160,4
4/000161,4
4/000162,4
4/000163,4
4/000164,4
4/000165,4
4/000166,4
4/000167,4
4/000168,4
4/000169,4
4/000170,4
4/000171,4
4/000172,4
4/000173,4
4/000174,4
4/000175,4
4/000176,4
4/000177,4
4/000178,4
4/000179,4
4/000180,4
4/000181,4
4/000182,4
4/000183,4
4/000184,4
4/000185,4
4/000186,4
4/000187,4
4/000188,4
4/000189,4
4/000190,4
4/000191,4
4/000192,4
4/000193,4
4/000194,4
4/000195,4
4/000196,4
4/000197,4
4/000198,4
4/000199,4
4/000200,4
4/000201,4
4/000202,4
4/000203,4
4/000204,4
4/000205,4
4/000206,4
4/000207,4
4/000208,4
4/000209,4
4/000210,4
4/000211,4
4/000212,4
4/000213,4
4/000214,4
4/000215,4
4/000216,4
4/000217,4
4/000218,4
4/000219,4
4/000220,4
4/000221,4
4/000222,4
4/000223,4
4/000224,4
4/000225,4
4/000226,4
4/000227,4
4/000228,4
4/000229,4
4/000230,4
4/000231,4
4/000232,4
4/000233,4
4/000234,4
4/000235,4
4/000236,4
4/000237,4
4/000238,4
4/000239,4
4/000240,4
4/000241,4
4/000242,4
4/000243,4
4/000244,4
4/000245,4
4/000246,4
4/000247,4
4/000248,4
4/000249,4
4/000250,4
4/000251,4
4/000252,4
4/000253,4
4/000254,4
4/000255,4
4/000256,4
4/000257,4
4/000258,4
4/000259,4
4/000260,4
4/000261,4
4/000262,4
4/000263,4
4/000264,4
4/000265,4
4/000266,4
4/000267,4
4/000268,4
4/000269,4
4/000270,4
4/000271,4
4/000272,4
4/000273,4
4/000274,4
4/000275,4
4/000276,4
4/000277,4
4/000278,4
4/000279,4
4/000280,4
4/000281,4
4/000282,4
4/000283,4
4/000284,4
4/000285,4
4/000286,4
4/000287,4
4/000288,4
4/000289,4
4/000290,4
4/000291,4
4/000292,4
4/000293,4
4/000294,4
4/000295,4
4/000296,4
4/000297,4
4/000298,4
4/000299,4
4/000300,4
4/000301,4
4/000302,4
4/000303,4
4/000304,4
4/000305,4
4/000306,4
4/000307,4
4/000308,4
4/000309,4
4/000310,4
4/000311,4
4/000312,4
4/000313,4
4/000314,4
4/000315,4
4/000316,4
4/000317,4
4/000318,4
4/000319,4
4/000320,4
4/000321,4
4/000322,4
4/000323,4
4/000324,4
4/000325,4
4/000326,4
4/000327,4
4/000328,4
4/000329,4
4/000330,4
4/000331,4
4/000332,4
4/000333,4
4/000334,4
4/000335,4
4/000336,4
4/000337,4
4/000338,4
4/000339,4
4/000340,4
4/000341,4
4/000342,4
4/000343,4
4/000344,4
4/000345,4
4/000346,4
4/000347,4
4/000348,4
4/000349,4
4/000350,4
4/000351,4
4/000352,4
4/000353,4
4/000354,4
4/000355,4
4/000356,4
4/000357,4
4/000358,4
4/000359,4
4/000360,4
4/000361,4
4/000362,4
4/000363,4
4/000364,4
4/000365,4
4/000366,4
4/000367,4
4/000368,4
4/000369,4
4/000370,4
4/000371,4
4/000372,4
4/000373,4
4/000374,4
4/000375,4
4/000376,4
4/000377,4
4/000378,4
4/000379,4
4/000380,4
4/000381,4
4/000382,4
4/000383,4
4/000384,4
4/000385,4
4/000386,4
4/000387,4
4/000388,4
4/000389,4
4/000390,4
4/000391,4
4/000392,4
4/000393,4
4/000394,4
4/000395,4
4/000396,4
4/000397,4
4/000398,4
4/000399,4
4/000400,4
4/000401,4
4/000402,4
4/000403,4
4/000404,4
4/000405,4
4/000406,4
4/000407,4
4/000408,4
4/000409,4
4/000410,4
4/000411,4
4/000412,4
4/000413,4
4/000414,4
4/000415,4
4/000416,4
4/000417,4
4/000418,4
4/000419,4
4/000420,4
4/000421,4
4/000422,4
4/000423,4
4/000424,4
4/000425,4
4/000426,4
4/000427,4
4/000428,4
4/000429,4
4/000430,4
4/000431,4
4/000432,4
4/000433,4
4/000434,4
4/000435,4
4/000436,4
4/000437,4
4/000438,4
4/000439,4
4/000440,4
4/000441,4
4/000442,4
4/000443,4
4/000444,4
4/000445,4
4/000446,4
4/000447,4
4/000448,4
4/000449,4
4/000450,4
4/000451,4
4/000452,4
4/000453,4
4/000454,4
4/000455,4
4/000456,4
4/000457,4
4/000458,4
4/000459,4
4/000460,4
4/000461,4
4/000462,4
4/000463,4
4/000464,4
4/000465,4
4/000466,4
4/000467,4
4/000468,4
4/000469,4
4/000470,4
4/000471,4
4/000472,4
4/000473,4
4/000474,4
4/000475,4
4/000476,4
4/000477,4
4/000478,4
4/000479,4
4/000480,4
4/000481,4
4/000482,4
4/000483,4
4/000484,4
4/000485,4
4/000486,4
4/000487,4
4/000488,4
4/000489,4
4/000490,4
4/000491,4
4/000492,4
4/000493,4
4/000494,4
4/000495,4
4/000496,4
4/000497,4
4/000498,4
4/000499,4
4/000500,4
4/000501,4
4/000502,4
4/000503,4
4/000504,4
4/000505,4
4/000506,4
4/000507,4
4/000508,4
4/000509,4
4/000510,4
4/000511,4
4/000512,4
4/000513,4
4/000514,4
4/000515,4
4/000516,4
4/000517,4
4/000518,4
4/000519,4
4/000520,4
4/000521,4
4/000522,4
4/000523,4
4/000524,4
4/000525,4
4/000526,4
4/000527,4
4/000528,4
4/000529,4
4/000530,4
4/000531,4
4/000532,4
4/000533,4
4/000534,4
4/000535,4
4/000536,4
4/000537,4
4/000538,4
4/000539,4
4/000540,4
4/000541,4
4/000542,4
4/000543,4
4/000544,4
4/000545,4
4/000546,4
4/000547,4
4/000548,4
4/000549,4
4/000550,4
4/000551,4
4/000552,4
4/000553,4
4/000554,4
4/000555,4
4/000556,4
4/000557,4
4/000558,4
4/000559,4
4/000560,4
4/000561,4
4/000562,4
4/000563,4
4/000564,4
4/000565,4
4/000566,4
4/000567,4
4/000568,4
4/000569,4
4/000570,4
4/000571,4
4/000572,4
4/000573,4
4/000574,4
4/000575,4
4/000576,4
4/000577,4
4/000578,4
4/000579,4
4/000580,4
4/000581,4
4/000582,4
4/000583,4
4/000584,4
4/000585,4
4/000586,4
4/000587,4
4/000588,4
4/000589,4
4/000590,4
4/000591,4
4/000592,4
4/000593,4
4/000594,4
4/000595,4
4/000596,4
4/000597,4
4/000598,4
4/000599,4
4/000600,4
4/000601,4
4/000602,4
4/000603,4
4/000604,4
4/000605,4
4/000606,4
4/000607,4
4/000608,4
4/000609,4
4/000610,4
4/000611,4
4/000612,4
4/000613,4
4/000614,4
4/000615,4
4/000616,4
4/000617,4
4/000618,4
4/000619,4
4/000620,4
4/000621,4
4/000622,4
4/000623,4
4/000624,4
4/000625,4
4/000626,4
4/000627,4
4/000628,4
4/000629,4
4/000630,4
4/000631,4
4/000632,4
4/000633,4
4/000634,4
4/000635,4
4/000636,4
4/000637,4
4/000638,4
4/000639,4
4/000640,4
4/000641,4
4/000642,4
4/000643,4
4/000644,4
4/000645,4
4/000646,4
4/000647,4
4/000648,4
4/000649,4
4/000650,4
4/000651,4
4/000652,4
4/000653,4
4/000654,4
4/000655,4
4/000656,4
4/000657,4
4/000658,4
4/000659,4
4/000660,4
4/000661,4
4/000662,4
4/000663,4
4/000664,4
4/000665,4
4/000666,4
4/000667,4
4/000668,4
4/000669,4
4/000670,4
4/000671,4
4/000672,4
4/000673,4
4/000674,4
4/000675,4
4/000676,4
4/000677,4
4/000678,4
4/000679,4
4/000680,4
4/000681,4
4/000682,4
4/000683,4
4/000684,4
4/000685,4
4/000686,4
4/000687,4
4/000688,4
4/000689,4
4/000690,4
4/000691,4
4/000692,4
4/000693,4
4/000694,4
4/000695,4
4/000696,4
4/000697,4
4/000698,4
4/000699,4
4/000700,4
4/000701,4
4/000702,4
4/000703,4
4/000704,4
4/000705,4
4/000706,4
4/000707,4
4/000708,4
4/000709,4
4/000710,4
4/000711,4
4/000712,4
4/000713,4
4/000714,4
4/000715,4
4/000716,4
4/000717,4
4/000718,4
4/000719,4
4/000720,4
4/000721,4
4/000722,4
4/000723,4
4/000724,4
4/000725,4
4/000726,4
4/000727,4
4/000728,4
4/000729,4
4/000730,4
4/000731,4
4/000732,4
4/000733,4
4/000734,4
4/000735,4
4/000736,4
4/000737,4
4/000738,4
4/000739,4
4/000740,4
4/000741,4
4/000742,4
4/000743,4
4/000744,4
4/000745,4
4/000746,4
4/000747,4
4/000748,4
4/000749,4
4/000750,4
4/000751,4
4/000752,4
4/000753,4
4/000754,4
4/000755,4
4/000756,4
4/000757,4
4/000758,4
4/000759,4
4/000760,4
4/000761,4
4/000762,4
4/000763,4
4/000764,4
4/000765,4
4/000766,4
4/000767,4
4/000768,4
4/000769,4
4/000770,4
4/000771,4
4/000772,4
4/000773,4
4/000774,4
4/000775,4
4/000776,4
4/000777,4
4/000778,4
4/000779,4
4/000780,4
4/000781,4
4/000782,4
4/000783,4
4/000784,4
4/000785,4
4/000786,4
4/000787,4
4/000788,4
4/000789,4
4/000790,4
4/000791,4
4/000792,4
4/000793,4
4/000794,4
4/000795,4
4/000796,4
4/000797,4
4/000798,4
4/000799,4
4/000800,4
4/000801,4
4/000802,4
4/000803,4
4/000804,4
4/000805,4
4/000806,4
4/000807,4
4/000808,4
4/000809,4
4/000810,4
4/000811,4
4/000812,4
4/000813,4
4/000814,4
4/000815,4
4/000816,4
4/000817,4
4/000818,4
4/000819,4
4/000820,4
4/000821,4
4/000822,4
4/000823,4
4/000824,4
4/000825,4
4/000826,4
4/000827,4
4/000828,4
4/000829,4
4/000830,4
4/000831,4
4/000832,4
4/000833,4
4/000834,4
4/000835,4
4/000836,4
4/000837,4
4/000838,4
4/000839,4
4/000840,4
4/000841,4
4/000842,4
4/000843,4
4/000844,4
4/000845,4
4/000846,4
4/000847,4
4/000848,4
4/000849,4
4/000850,4
4/000851,4
4/000852,4
4/000853,4
4/000854,4
4/000855,4
4/000856,4
4/000857,4
4/000858,4
4/000859,4
4/000860,4
4/000861,4
4/000862,4
4/000863,4
4/000864,4
4/000865,4
4/000866,4
4/000867,4
4/000868,4
4/000869,4
4/000870,4
4/000871,4
4/000872,4
4/000873,4
4/000874,4
4/000875,4
4/000876,4
4/000877,4
4/000878,4
4/000879,4
4/000880,4
4/000881,4
4/000882,4
4/000883,4
4/000884,4
4/000885,4
4/000886,4
4/000887,4
4/000888,4
4/000889,4
4/000890,4
4/000891,4
4/000892,4
4/000893,4
4/000894,4
4/000895,4
4/000896,4
4/000897,4
4/000898,4
4/000899,4
4/000900,4
4/000901,4
4/000902,4
4/000903,4
4/000904,4
4/000905,4
4/000906,4
4/000907,4
4/000908,4
4/000909,4
4/000910,4
4/000911,4
4/000912,4
4/000913,4
4/000914,4
4/000915,4
4/000916,4
4/000917,4
4/000918,4
4/000919,4
4/000920,4
4/000921,4
4/000922,4
4/000923,4
4/000924,4
4/000925,4
4/000926,4
4/000927,4
4/000928,4
4/000929,4
4/000930,4
4/000931,4
4/000932,4
4/000933,4
4/000934,4
4/000935,4
4/000936,4
4/000937,4
4/000938,4
4/000939,4
4/000940,4
4/000941,4
4/000942,4
4/000943,4
4/000944,4
4/000945,4
4/000946,4
4/000947,4
4/000948,4
4/000949,4
4/000950,4
4/000951,4
4/000952,4
4/000953,4
4/000954,4
4/000955,4
4/000956,4
4/000957,4
4/000958,4
4/000959,4
4/000960,4
4/000961,4
4/000962,4
4/000963,4
4/000964,4
4/000965,4
4/000966,4
4/000967,4
4/000968,4
4/000969,4
4/000970,4
4/000971,4
4/000972,4
4/000973,4
4/000974,4
4/000975,4
4/000976,4
4/000977,4
4/000978,4
4/000979,4
4/000980,4
4/000981,4
4/000982,4
4/000983,4
4/000984,4
4/000985,4
4/000986,4
4/000987,4
4/000988,4
4/000989,4
4/000990,4
4/000991,4
4/000992,4
4/000993,4
4/000994,4
4/000995,4
4/000996,4
4/000997,4
4/000998,4
4/000999,4
4/001000,4
4/001001,4
4/001002,4
4/001003,4
4/001004,4
4/001005,4
4/001006,4
4/001007,4
4/001008,4
4/001009,4
4/001010,4
4/001011,4
4/001012,4
4/001013,4
4/001014,4
4/001015,4
4/001016,4
4/001017,4
4/001018,4
4/001019,4
4/001020,4
4/001021,4
4/001022,4
4/001023,4
4/001024,4
4/001025,4
4/001026,4
4/001027,4
4/001028,4
4/001029,4
4/001030,4
4/001031,4
4/001032,4
4/001033,4
4/001034,4
4/001035,4
4/001036,4
4/001037,4
4/001038,4
4/001039,4
4/001040,4
4/001041,4
4/001042,4
4/001043,4
4/001044,4
4/001045,4
4/001046,4
4/001047,4
4/001048,4
4/001049,4
4/001050,4
4/001051,4
4/001052,4
4/001053,4
4/001054,4
4/001055,4
4/001056,4
4/001057,4
4/001058,4
4/001059,4
4/001060,4
4/001061,4
4/001062,4
4/001063,4
4/001064,4
4/001065,4
4/001066,4
4/001067,4
4/001068,4
4/001069,4
4/001070,4
4/001071,4
4/001072,4
4/001073,4
4/001074,4
4/001075,4
4/001076,4
4/001077,4
4/001078,4
4/001079,4
4/001080,4
4/001081,4
4/001082,4
4/001083,4
4/001084,4
4/001085,4
4/001086,4
4/001087,4
4/001088,4
4/001089,4
4/001090,4
4/001091,4
4/001092,4
4/001093,4
4/001094,4
4/001095,4
4/001096,4
4/001097,4
4/001098,4
4/001099,4
4/001100,4
4/001101,4
4/001102,4
4/001103,4
4/001104,4
4/001105,4
4/001106,4
4/001107,4
4/001108,4
4/001109,4
4/001110,4
4/001111,4
4/001112,4
4/001113,4
4/001114,4
4/001115,4
4/001116,4
4/001117,4
4/001118,4
4/001119,4
4/001120,4
4/001121,4
4/001122,4
4/001123,4
4/001124,4
4/001125,4
4/001126,4
4/001127,4
4/001128,4
4/001129,4
4/001130,4
4/001131,4
4/001132,4
4/001133,4
4/001134,4
4/001135,4
4/001136,4
4/001137,4
4/001138,4
4/001139,4
4/001140,4
4/001141,4
4/001142,4
4/001143,4
4/001144,4
4/001145,4
4/001146,4
4/001147,4
4/001148,4
4/001149,4
4/001150,4
4/001151,4
4/001152,4
4/001153,4
4/001154,4
4/001155,4
4/001156,4
4/001157,4
4/001158,4
4/001159,4
4/001160,4
4/001161,4
4/001162,4
4/001163,4
4/001164,4
4/001165,4
4/001166,4
4/001167,4
4/001168,4
4/001169,4
4/001170,4
4/001171,4
4/001172,4
4/001173,4
4/001174,4
4/001175,4
4/001176,4
4/001177,4
4/001178,4
4/001179,4
4/001180,4
4/001181,4
4/001182,4
4/001183,4
4/001184,4
4/001185,4
4/001186,4
4/001187,4
4/001188,4
4/001189,4
4/001190,4
4/001191,4
4/001192,4
4/001193,4
4/001194,4
4/001195,4
4/001196,4
4/001197,4
4/001198,4
4/001199,4
4/001200,4
4/001201,4
4/001202,4
4/001203,4
4/001204,4
4/001205,4
4/001206,4
4/001207,4
4/001208,4
4/001209,4
4/001210,4
4/001211,4
4/001212,4
4/001213,4
4/001214,4
4/001215,4
4/001216,4
4/001217,4
4/001218,4
4/001219,4
4/001220,4
4/001221,4
4/001222,4
4/001223,4
4/001224,4
4/001225,4
4/001226,4
4/001227,4
4/001228,4
4/001229,4
4/001230,4
4/001231,4
4/001232,4
4/001233,4
4/001234,4
4/001235,4
4/001236,4
4/001237,4
4/001238,4
4/001239,4
4/001240,4
4/001241,4
4/001242,4
4/001243,4
4/001244,4
4/001245,4
4/001246,4
4/001247,4
4/001248,4
4/001249,4
4/001250,4
4/001251,4
4/001252,4
4/001253,4
4/001254,4
4/001255,4
4/001256,4
4/001257,4
4/001258,4
4/001259,4
4/001260,4
4/001261,4
4/001262,4
4/001263,4
4/001264,4
4/001265,4
4/001266,4
4/001267,4
4/001268,4
4/001269,4
4/001270,4
4/001271,4
4/001272,4
4/001273,4
4/001274,4
4/001275,4
4/001276,4
4/001277,4
4/001278,4
4/001279,4
4/001280,4
4/001281,4
4/001282,4
4/001283,4
4/001284,4
4/001285,4
4/001286,4
4/001287,4
4/001288,4
4/001289,4
4/001290,4
4/001291,4
4/001292,4
4/001293,4
4/001294,4
4/001295,4
4/001296,4
4/001297,4
4/001298,4
4/001299,4
4/001300,4
4/001301,4
4/001302,4
4/001303,4
4/001304,4
4/001305,4
4/001306,4
4/001307,4
4/001308,4
4/001309,4
4/001310,4
4/001311,4
4/001312,4
4/001313,4
4/001314,4
4/001315,4
4/001316,4
4/001317,4
4/001318,4
4/001319,4
4/001320,4
4/001321,4
4/001322,4
4/001323,4
4/001324,4
4/001325,4
4/001326,4
4/001327,4
4/001328,4
4/001329,4
4/001330,4
4/001331,4
4/001332,4
4/001333,4
4/001334,4
4/001335,4
4/001336,4
4/001337,4
4/001338,4
4/001339,4
4/001340,4
4/001341,4
4/001342,4
4/001343,4
4/001344,4
4/001345,4
4/001346,4
5/000000,5
5/000001,5
5/000002,5
5/000003,5
5/000004,5
5/000005,5
5/000006,5
5/000007,5
5/000008,5
5/000009,5
5/000010,5
5/000011,5
5/000012,5
5/000013,5
5/000014,5
5/000015,5
5/000016,5
5/000017,5
5/000018,5
5/000019,5
5/000020,5
5/000021,5
5/000022,5
5/000023,5
5/000024,5
5/000025,5
5/000026,5
5/000027,5
5/000028,5
5/000029,5
5/000030,5
5/000031,5
5/000032,5
5/000033,5
5/000034,5
5/000035,5
5/000036,5
5/000037,5
5/000038,5
5/000039,5
5/000040,5
5/000041,5
5/000042,5
5/000043,5
5/000044,5
5/000045,5
5/000046,5
5/000047,5
5/000048,5
5/000049,5
5/000050,5
5/000051,5
5/000052,5
5/000053,5
5/000054,5
5/000055,5
5/000056,5
5/000057,5
5/000058,5
5/000059,5
5/000060,5
5/000061,5
5/000062,5
5/000063,5
5/000064,5
5/000065,5
5/000066,5
5/000067,5
5/000068,5
5/000069,5
5/000070,5
5/000071,5
5/000072,5
5/000073,5
5/000074,5
5/000075,5
5/000076,5
5/000077,5
5/000078,5
5/000079,5
5/000080,5
5/000081,5
5/000082,5
5/000083,5
5/000084,5
5/000085,5
5/000086,5
5/000087,5
